-87.6140594,41.6449356,0.0
-87.5487366,41.6511154,0.17518248175182483
-87.5371094,41.6528549,0.3047619047619048
-87.5552902,41.6568108,0.017341040462427744
-87.6404495,41.6596832,0.07857142857142857
-87.5564957,41.6619339,0.014218009478672985
-87.5516357,41.6656151,0.0136986301369863
-87.636467,41.6692505,0.09943181818181818
-87.6437836,41.6713448,0.13068181818181818
-87.6547928,41.6728897,0.08022922636103152
-87.6609497,41.6747894,0.0935672514619883
-87.6379089,41.676506,0.11455847255369929
-87.6174469,41.6779099,0.34293193717277487
-87.6391907,41.6791344,0.11188811188811189
-87.6351929,41.6799812,0.11162790697674418
-87.6453171,41.6809769,0.10467706013363029
-87.6381378,41.6815529,0.1095890410958904
-87.6291504,41.6825447,0.07042253521126761
-87.6409225,41.6832352,0.11037527593818984
-87.6721115,41.6836891,0.13636363636363635
-87.6575623,41.6851387,0.11556603773584906
-87.6546936,41.6860275,0.07077625570776255
-87.6321793,41.686306,0.06772009029345373
-87.6329041,41.6873398,0.0640176600441501
-87.6682663,41.6883392,0.1141552511415525
-87.7047501,41.6892357,0.13066666666666665
-87.6492462,41.6897507,0.08764940239043825
-87.5320129,41.6891098,0.017937219730941704
-87.6077576,41.6911964,1.8312655086848635
-87.6403122,41.6921196,0.08651911468812877
-87.6287003,41.6927834,0.06666666666666667
-87.6242676,41.6937447,0.06783369803063458
-87.7074127,41.6942062,0.165374677002584
-87.6408997,41.694912,0.08237547892720307
-87.6568146,41.6960869,0.7398230088495575
-87.6990128,41.6972198,0.14457831325301204
-87.5344238,41.6963158,3.5536480686695278
-87.6858826,41.6979218,0.10854503464203233
-87.6081085,41.6986351,1.7076566125290022
-87.5392532,41.6983604,3.4356846473029043
-87.6417542,41.6999092,0.09025270758122744
-87.6786499,41.7002335,0.11850311850311851
-87.6441956,41.700531,0.08896797153024912
-87.6218033,41.7016411,0.08793456032719836
-87.5422134,41.7014809,3.2470588235294118
-87.6459961,41.7023315,0.08650519031141868
-87.538559,41.7031479,3.502092050209205
-87.6406326,41.7030449,0.08994708994708994
-87.6313629,41.7049789,0.03525046382189239
-87.6311111,41.7055054,0.03505535055350553
-87.6448593,41.7057953,0.06070826306913996
-87.6170425,41.7061577,0.08902691511387163
-87.6825867,41.7074928,0.04081632653061224
-87.6177979,41.7080574,0.08514851485148515
-87.6178131,41.708725,0.08349514563106795
-87.5344162,41.7087708,3.689075630252101
-87.6117477,41.709919,1.4554655870445343
-87.5368423,41.7108498,3.598360655737705
-87.6105804,41.7116356,1.9019607843137254
-87.6898651,41.7133064,0.04021937842778794
-87.5606155,41.7132568,2.7733333333333334
-87.5661545,41.7143593,3.1379310344827585
-87.6305847,41.7158737,2.0421216848673946
-87.5325165,41.7164841,3.625
-87.5373459,41.717392,3.5080645161290325
-87.6743698,41.7183189,0.05028735632183908
-87.636734,41.719017,0.11815561959654179
-87.6699219,41.7199936,0.059508408796895215
-87.61689,41.7210045,2.6403940886699506
-87.5774078,41.7213135,1.3767705382436262
-87.6201324,41.7225533,2.4976671850699845
-87.6121063,41.7230568,1.522950819672131
-87.6417236,41.7242203,0.10392902408111533
-87.6259995,41.7255287,2.1847389558232932
-87.5616684,41.7251854,0.09446254071661238
-87.6234665,41.7264519,2.193548387096774
-87.6195679,41.7263298,2.3179856115107915
-87.5882797,41.7275162,1.7442748091603053
-87.5598297,41.7278481,0.11666666666666667
-87.6613159,41.7295151,0.775974025974026
-87.6167755,41.7298088,1.6415868673050615
-87.5629349,41.7301636,0.17777777777777778
-87.6147614,41.7312927,1.219215155615697
-87.5649796,41.7311325,0.16770186335403728
-87.5544739,41.7323303,3.0618556701030926
-87.5801163,41.7324333,2.3326612903225805
-87.6028366,41.7336807,1.0234604105571847
-87.607811,41.7345161,0.941970310391363
-87.6369553,41.7349319,0.652014652014652
-87.72789,41.735878,0.15873015873015872
-87.5926285,41.735714,0.07872696817420435
-87.560112,41.7365532,0.10897435897435898
-87.651825,41.7376366,0.7208366854384554
-87.6173172,41.7381439,0.9399624765478424
-87.5887375,41.7379761,1.3737373737373737
-87.6470108,41.7393417,1.1132478632478633
-87.5596085,41.7392845,1.3578274760383386
-87.5870895,41.7398872,1.3466666666666667
-87.5566788,41.7403221,2.6534653465346536
-87.6489716,41.7410622,1.043218085106383
-87.5809479,41.741272,2.1064981949458486
-87.6259308,41.7420654,0.8429530201342282
-87.5785904,41.7422829,2.198874296435272
-87.620018,41.7425613,0.8164251207729468
-87.685524,41.7438698,0.3281893004115226
-87.6233521,41.7439346,0.81536475145255
-87.5628204,41.743988,0.22615803814713897
-87.7221222,41.7443657,0.20270270270270271
-87.5482635,41.7451668,3.8811188811188813
-87.7062531,41.746315,0.07712765957446809
-87.6569138,41.7461777,0.6230677764565993
-87.5628586,41.746624,0.19437340153452684
-87.6484604,41.7476501,0.8823845327604726
-87.5878983,41.7468948,0.08717310087173101
-87.5701599,41.7471352,2.4421487603305785
-87.7110443,41.7490234,0.02188782489740082
-87.6594238,41.7491684,0.30782217220033764
-87.5592575,41.7490349,1.8743016759776536
-87.547142,41.7494965,3.887323943661972
-87.6202316,41.7504883,0.6423666138404649
-87.6606827,41.7513504,0.2790202342917998
-87.6606903,41.7517166,0.2744892613933997
-87.6265259,41.7520866,0.6042074363992173
-87.6140976,41.7525482,0.08645229309435952
-87.5922089,41.7525139,0.05604483586869496
-87.6462021,41.7538872,0.42685740655283805
-87.6656265,41.7547531,0.23146292585170342
-87.7153168,41.7554092,0.13386880856760375
-87.7212677,41.7560387,0.1581259150805271
-87.6134796,41.7562141,0.1057550418101328
-87.5742493,41.7561607,1.6071922544951591
-87.5553665,41.7573433,2.9675675675675675
-87.6883316,41.7587814,0.258777633289987
-87.6531067,41.7593155,0.06595744680851064
-87.5770264,41.7595291,1.142433234421365
-87.6895905,41.7599792,0.25485122897800777
-87.6586456,41.7607002,0.3457513604018418
-87.6135864,41.7606354,0.08591549295774648
-87.6082535,41.7612495,0.3705314009661836
-87.6045685,41.7615814,0.36524300441826213
-87.6865082,41.7624245,0.22080796900940786
-87.6268768,41.7623482,0.555849889624724
-87.6630325,41.7628403,0.2959604286892003
-87.7190399,41.7630348,0.08823529411764706
-87.6945877,41.7638321,0.08
-87.6575317,41.7638321,0.3251387787470262
-87.6476822,41.7642288,0.35083532219570407
-87.6076279,41.7642517,0.3607176581680831
-87.6707611,41.7650566,0.31438127090301005
-87.5647964,41.7648392,1.2931547619047619
-87.6022491,41.765625,0.35268505079825835
-87.6763153,41.7663345,0.16917293233082706
-87.6435623,41.7667694,0.33036750483558996
-87.6550369,41.7672157,0.05309396485867074
-87.6749649,41.7677803,0.03993480032599837
-87.6416855,41.7681274,0.3293436293436293
-87.7139816,41.7690315,0.0885036496350365
-87.6660156,41.7692986,0.2896011926947447
-87.627121,41.7695885,0.508641975308642
-87.5806732,41.7688408,0.8564447159437997
-87.6745758,41.7705078,0.05207928488146133
-87.649765,41.7708549,0.32056005895357403
-87.6793289,41.7714653,0.18917835671342687
-87.6173782,41.7714767,0.43940714908456846
-87.655983,41.7720528,0.2649510692279812
-87.6697617,41.7724571,0.3022238425082027
-87.6422882,41.7727737,0.34930737551478847
-87.6697922,41.7733002,0.29927797833935016
-87.6805801,41.7739334,0.18195836545875096
-87.5963974,41.7738571,0.07714561234329798
-87.7021561,41.7743225,0.1553398058252427
-87.6625214,41.774929,0.25743626062322944
-87.7092667,41.7754936,0.19852448021462105
-87.6905212,41.7759323,0.1884359400998336
-87.6990509,41.7759209,0.16068721576553815
-87.651123,41.7763062,0.327991452991453
-87.7073898,41.7768135,0.1805813234384663
-87.6693802,41.7768822,0.2822384428223844
-87.7340622,41.7773094,0.262782401902497
-87.6511612,41.7777138,0.32465705240942666
-87.6682129,41.7782021,0.2637931034482759
-87.7882996,41.7791061,0.11617312072892938
-87.6123352,41.7788353,0.5091998288403937
-87.6991577,41.7799797,0.14181486548107616
-87.68647,41.7802505,0.1705170517051705
-87.6517487,41.7805672,0.281636863823934
-87.7395935,41.7814026,0.3013048635824436
-87.6585922,41.7814369,0.1111864406779661
-87.7210007,41.7820625,0.1285919540229885
-87.6700058,41.782299,0.12770923641213738
-87.6481476,41.7825394,0.31116389548693585
-87.709877,41.7831573,0.20247469066366705
-87.6895142,41.7836113,0.16919739696312364
-87.7139282,41.7839966,0.10967344423906346
-87.6561813,41.7841301,0.026973026973026972
-87.6671219,41.7845345,0.119750656167979
-87.730629,41.7852135,0.226775956284153
-87.6147842,41.7850761,0.37069655724579664
-87.6907806,41.7853432,0.16548042704626334
-87.6433868,41.7859573,0.3072026800670017
-87.7653656,41.7864647,0.8210180623973727
-87.6333923,41.7869644,0.43737024221453286
-87.6884003,41.7875023,0.15440448696799736
-87.7178116,41.7884827,0.12004875076173065
-87.6905289,41.7887268,0.14802522402920676
-87.6696701,41.7892113,0.14462025316455696
-87.641037,41.7895775,0.30618253189401373
-87.6417465,41.789978,0.30410691003911344
-87.686058,41.7907372,0.13839285714285715
-87.6544495,41.7909317,0.0292360892801006
-87.7760239,41.7913475,0.9548872180451128
-87.7043839,41.7918968,0.14639010769844435
-87.6834412,41.7920456,0.14348646947765892
-87.7758408,41.7928467,0.9390018484288355
-87.700737,41.7925606,0.13758389261744966
-87.6442566,41.7930946,0.2737341772151899
-87.7773438,41.7940712,0.918625678119349
-87.6333694,41.7937584,0.30382228030055536
-87.5972824,41.7941666,0.5909289140863497
-87.7922668,41.7949905,0.79375
-87.7309341,41.795475,0.44497282608695654
-87.6861877,41.79599,0.13668188736681888
-87.6698608,41.79636,0.12385456695240911
-87.6856918,41.7966499,0.13569054094892716
-87.6954498,41.7963982,0.04885057471264368
-87.7395554,41.7972908,0.7864460204885737
-87.6327133,41.7974625,0.4381345177664975
-87.7413025,41.7983818,0.7770649558941459
-87.7192612,41.7978554,0.3079416531604538
-87.7774734,41.7986984,0.8683760683760684
-87.7021484,41.7992058,0.13370089593383874
-87.6894302,41.799511,0.11796246648793565
-87.7004242,41.7999458,0.12556342562781714
-87.6724014,41.80019,0.13857466063348417
-87.7144089,41.8008575,0.2261747913921827
-87.6558304,41.801178,0.04023972602739726
-87.6687927,41.8018684,0.16982182628062362
-87.6821365,41.8023262,0.1225296442687747
-87.7299118,41.8028069,0.4199029126213592
-87.6847076,41.8034973,0.11123627147282455
-87.6730118,41.8040466,0.050493962678375415
-87.7324219,41.8050156,0.3494788473329246
-87.6761932,41.8058319,0.10157523085279739
-87.59478,41.8051147,0.5716054477919934
-87.6855774,41.8068581,0.10798250410060142
-87.6628647,41.8074341,0.16965255157437567
-87.6440201,41.8077164,0.28760191172336236
-87.6408234,41.8083,0.29900709219858157
-87.6945877,41.8092842,0.030336765933760088
-87.6856995,41.8095856,0.10496943927717246
-87.6622314,41.8102112,0.15471394037066882
-87.746048,41.8108978,0.05708245243128964
-87.6629562,41.8111839,0.1540518855308906
-87.7032166,41.8119316,0.3030915920254262
-87.7020264,41.8125954,0.30158730158730157
-87.6715088,41.8130913,0.15907295233078747
-87.6690979,41.8136978,0.15721445528884198
-87.6691132,41.8144188,0.15700737618545837
-87.6879501,41.8150597,0.1351491569390402
-87.6891861,41.8158379,0.13419689119170986
-87.685585,41.8168488,0.1286849525762625
-87.686821,41.8180313,0.13309535951045384
-87.6003265,41.8185921,0.07618393960192175
-87.6963654,41.8203278,0.25587934560327197
-87.6875839,41.821888,0.37596996245306635
-87.7084656,41.8231773,0.25767345885994325
-87.7104416,41.8240585,0.06784049715173485
-87.6705933,41.824791,0.27543114221444637
-87.6236649,41.8253517,0.42565429968363533
-87.6821289,41.8269005,0.371990171990172
-87.6389771,41.8274231,0.20101849370142053
-87.6201324,41.8279991,0.432353796915915
-87.6743774,41.8290443,0.3136676499508358
-87.6927185,41.8298264,0.12521232710507157
-87.6794052,41.8307571,0.36908517350157727
-87.6472931,41.8314552,0.24614989733059547
-87.6707993,41.8325348,0.3218978102189781
-87.6177979,41.832962,0.4056960185992444
-87.6555557,41.833683,0.21022443890274314
-87.7275848,41.8341103,0.46691806650668494
-87.6428986,41.83498,0.22952086553323028
-87.6567383,41.8358269,0.20512820512820512
-87.6580582,41.836689,0.36091333169653816
-87.7325287,41.8377686,0.5155350978135789
-87.6520004,41.8377037,0.32631839564248577
-87.7162094,41.8389854,0.24759152215799615
-87.6586838,41.8390503,0.35854545454545456
-87.6447372,41.839386,0.3256455251942843
-87.7162476,41.840271,0.286090495570984
-87.6435547,41.8403969,0.33266382124027116
-87.7235947,41.8412781,0.40021516944593866
-87.6538925,41.8413963,0.3349585568015602
-87.700943,41.8422623,0.2183720930232558
-87.6386948,41.8424377,0.3445654927793261
-87.6443176,41.8432045,0.3568051754167703
-87.6345062,41.8442802,0.3502940424443876
-87.7090759,41.8455315,0.24316179879462216
-87.6542358,41.8460693,0.32304725168756027
-87.6974106,41.8470955,0.2082758620689655
-87.6798248,41.8481102,0.43557294063506674
-87.7341232,41.8492584,0.45014044943820225
-87.6818085,41.8496208,0.42634235888022026
-87.697403,41.8503151,0.3449301899748226
-87.7061005,41.8511047,0.24829777576032683
-87.7165909,41.8524742,0.29210647085819186
-87.7080841,41.8534088,0.28262339418526033
-87.667366,41.8538589,0.43542777648968234
-87.6439514,41.8545914,0.3573000733675715
-87.7184525,41.8557701,0.3259630727148393
-87.707428,41.8564606,0.19124218051831993
-87.6680069,41.8571129,0.4964408725602755
-87.7111816,41.858345,0.196301247771836
-87.7375565,41.8596764,0.16719688936019794
-87.7363815,41.8610992,0.13694054776219106
-87.7345352,41.8636169,0.10812461820403177
-87.7345963,41.8655243,0.27598566308243727
-87.6882553,41.8677559,0.34562109025916
-87.6877365,41.8699722,0.35097119892833223
-87.7348175,41.871315,0.34310933940774485
-87.7340164,41.8726578,0.330046562585593
-87.6635208,41.8735657,0.4665911664779162
-87.7542725,41.8755035,0.48920532843362424
-87.7031937,41.8768272,0.34722828459188126
-87.7627029,41.8781128,0.7530927835051546
-87.6833038,41.8783379,0.4429050279329609
-87.7502213,41.8796997,0.4489795918367347
-87.6980667,41.8817177,0.2952443857331572
-87.70961,41.8830147,0.3335503472222222
-87.7671204,41.8844299,0.9233716475095786
-87.7133484,41.8852539,0.3778211805555556
-87.7082672,41.886734,0.3867391304347826
-87.7054749,41.8887291,0.40397640375792004
-87.723259,41.8896408,0.297367848596911
-87.7551041,41.8908768,0.5173761946133797
-87.7674713,41.8916664,0.8296849973304858
-87.7539139,41.8918419,0.5563139931740614
-87.7158508,41.8923264,0.3504551365409623
-87.7122345,41.8929062,0.38514980460269216
-87.7471542,41.8934021,0.4534427399215127
-87.7662811,41.8941078,0.6558808423215203
-87.743988,41.8943405,0.42533333333333334
-87.7129898,41.8948669,0.3863192182410424
-87.7662964,41.8957863,0.6535312180143296
-87.7516098,41.8962288,0.5069033530571992
-87.7629089,41.8969574,0.6174205967276227
-87.6808472,41.8970261,0.41982836495031617
-87.7318268,41.897747,0.41047595064215564
-87.6778107,41.8979797,0.40303579519710014
-87.7295227,41.8987923,0.4094694266000476
-87.7491684,41.8992996,0.5028922631959508
-87.7659225,41.8999863,0.6971371170266197
-87.69841,41.9001007,0.40507726269315675
-87.7090073,41.9005241,0.41423595994775797
-87.7633057,41.9015198,0.6068866571018652
-87.7330246,41.9019127,0.45428422152560083
-87.7194595,41.9024467,0.3670995670995671
-87.7677689,41.9031525,0.7249224405377456
-87.7298126,41.9041634,0.41349187090512013
-87.735672,41.9049759,0.4489010989010989
-87.7343292,41.9055214,0.46497326203208555
-87.748764,41.9062195,0.49617258176757134
-87.6801987,41.9066696,0.5628539071347678
-87.7649689,41.9078102,0.8063882063882064
-87.7655258,41.9084625,0.8135845314823996
-87.7525864,41.9084167,0.654126679462572
-87.7161331,41.9093323,0.41306707184718905
-87.7379303,41.9100418,0.48778384593273927
-87.7218094,41.9105682,0.40275952693823913
-87.7089233,41.911087,0.42467248908296945
-87.669281,41.9113388,0.5446818286239375
-87.7490311,41.9120674,0.5833905284831846
-87.7060165,41.9123383,0.4069207183530442
-87.7138443,41.9127197,0.4095258808177468
-87.6930466,41.9129524,0.3417777777777778
-87.7473297,41.9135475,0.35934905347060775
-87.6730042,41.913784,0.5747599451303155
-87.650444,41.9140892,0.535438596491228
-87.6516876,41.9146881,0.535964502568893
-87.7958298,41.9151917,1.5872576177285318
-87.6896362,41.9154816,0.5209688270912761
-87.6427078,41.9155045,0.6563533301842229
-87.7322922,41.9165115,0.46613333333333334
-87.6743011,41.9165611,0.5587562871513488
-87.6540604,41.9170647,0.5625147162703085
-87.7391586,41.9179039,0.21177530790027035
-87.795433,41.9185181,1.5784586815227484
-87.7269516,41.918499,0.18649748623413934
-87.7299271,41.9188271,0.4523627075351213
-87.751442,41.9191208,0.630333452850484
-87.7294235,41.9194794,0.21111393047449886
-87.6831818,41.9193954,0.5209607976433266
-87.7138901,41.9197998,0.17925764192139737
-87.7483063,41.9202766,0.5602288021534321
-87.7691727,41.9207458,0.9085239085239085
-87.7811584,41.9210663,1.2754613807245385
-87.6867905,41.9210854,0.5443493921656911
-87.7735672,41.9218788,0.9158667419536984
-87.7740936,41.9221992,0.8961779806046777
-87.6624222,41.9218826,0.5721975193072782
-87.7833405,41.9229774,1.379615952732644
-87.6478043,41.9225044,0.6779177561207511
-87.700798,41.9229698,0.30246502331778813
-87.659256,41.9233437,0.5008225616921269
-87.7310791,41.9241219,0.16523605150214593
-87.7507401,41.9248734,0.6430834213305174
-87.7688141,41.9250641,0.9526534859521332
-87.6410522,41.9253235,0.6888195777351248
-87.6608887,41.9259529,0.5661263800798685
-87.7428207,41.926609,0.2705620832010162
-87.7409821,41.9270325,0.24692913385826773
-87.7198639,41.9273148,0.4158129175946548
-87.6432953,41.9270744,0.6794995187680462
-87.7725754,41.9283638,1.1064189189189189
-87.6618576,41.9282227,0.5205447288095797
-87.6472931,41.928566,0.689992834965369
-87.7204361,41.9292908,0.47553551296505076
-87.6978989,41.9295731,0.3012505582849486
-87.8056183,41.9305916,1.5461215932914045
-87.6504822,41.93013,0.6995003568879372
-87.735054,41.9310341,0.24503703703703703
-87.7004089,41.9313736,0.3374274229566771
-87.6656113,41.9318924,0.345679012345679
-87.7690659,41.9323425,0.593048128342246
-87.6669846,41.9326859,0.3469862694903421
-87.7508469,41.933567,0.3764705882352941
-87.7303314,41.9338341,0.4159933129005294
-87.7600403,41.9343567,0.39485559566787004
-87.6620712,41.934063,0.33545048223947305
-87.7372513,41.9348907,0.2884912064177723
-87.7192383,41.9351845,0.5317006179903868
-87.7028885,41.935463,0.3287946428571429
-87.7165833,41.9359131,0.5249831951602061
-87.7685013,41.9362183,0.5543010752688172
-87.6968002,41.9364319,0.21540880503144655
-87.6732025,41.9366379,0.36498036498036496
-87.7140656,41.9373016,0.5494652406417112
-87.6670303,41.9372406,0.305950991831972
-87.6707993,41.9375839,0.3378159054022722
-87.687645,41.9382401,0.2802272727272727
-87.6776352,41.9384079,0.25293170843872154
-87.6596375,41.9386559,0.3855621301775148
-87.6591415,41.9391174,0.386508875739645
-87.7150421,41.9398956,0.5566847335140018
-87.8181839,41.9404945,0.7808041504539559
-87.6651764,41.9403954,0.3131881002576716
-87.7009811,41.9408646,0.18288025162884744
-87.6642075,41.9411888,0.3161851068827813
-87.7215042,41.941864,0.5543237250554324
-87.7269287,41.942276,0.4292362441828634
-87.7823486,41.9426956,0.6879588839941263
-87.7350388,41.9429588,0.4507085643869378
-87.7651978,41.9434204,0.44223300970873786
-87.7299042,41.9437141,0.48598130841121495
-87.8134232,41.9440346,1.221142162818955
-87.7766876,41.9445915,0.5425330812854442
-87.8348846,41.9453735,0.9799691833590138
-87.8108444,41.9454498,1.2842465753424657
-87.8208313,41.9458923,1.1304347826086956
-87.8042145,41.9461441,1.2035676810073452
-87.7713318,41.946476,0.5441008018327605
-87.7454529,41.9467888,0.6898669396110543
-87.8172607,41.9472809,0.8440721649484536
-87.6775513,41.9475441,0.24036019395058877
-87.8116302,41.9479752,1.3146198830409357
-87.7333755,41.9484253,0.474775611265862
-87.7627335,41.9490623,0.43226424126376256
-87.7510376,41.9494629,0.8568215892053973
-87.7856903,41.9499512,0.8891509433962265
-87.811203,41.9504242,0.9931662870159453
-87.7494965,41.950386,0.8096465390279823
-87.7560349,41.9508209,0.7999176615891314
-87.7627487,41.9512062,0.3980815347721823
-87.7679062,41.9515839,0.4203425012973534
-87.7737808,41.951889,0.3443830570902394
-87.8117065,41.9524002,1.011600928074246
-87.6722717,41.9522285,0.3020274994173852
-87.7211151,41.95298,0.2457293035479632
-87.7764511,41.9537468,0.2998040496407577
-87.702446,41.9542503,0.1726668195368035
-87.6986237,41.9549065,0.15060654612039368
-87.7022858,41.9549294,0.17302389705882354
-87.7170029,41.9558792,0.2636067218459995
-87.6904068,41.9560966,0.23043378471425294
-87.7052994,41.9562912,0.17760884588804424
-87.7268448,41.9571724,0.25824009676443904
-87.6761475,41.9571915,0.2840512223515716
-87.713913,41.9579124,0.2610587382160986
-87.6727676,41.9584007,0.6070422535211267
-87.6867905,41.9587593,0.2308047037122435
-87.6680756,41.9591408,0.6448487712665406
-87.737648,41.9596481,0.23628407943453383
-87.6805267,41.9602547,0.2734903240848683
-87.7053223,41.9609489,0.20739700374531836
-87.769371,41.9615593,0.35120350109409193
-87.7054825,41.9622192,0.20188235294117646
-87.7743073,41.9628563,0.3576594345825115
-87.7432861,41.9632111,0.3013069586718474
-87.7764435,41.9642715,0.12284334023464458
-87.7140961,41.9640083,0.18833162743091095
-87.6729431,41.964592,0.602213848327838
-87.776207,41.96558,0.11418685121107267
-87.7097549,41.9658508,0.16881224192373087
-87.671402,41.9662514,0.6027429652400095
-87.6682739,41.966835,0.5535756711808031
-87.6904602,41.9679565,0.2967109867039888
-87.7692719,41.9693108,1.0331428571428571
-87.7363434,41.9692574,0.19201651754989676
-87.6721802,41.9699402,0.5985332387035722
-87.7568512,41.9709282,0.88668430335097
-87.799469,41.9710312,0.10662525879917184
-87.7512131,41.9719009,0.25163398692810457
-87.7718277,41.9726372,0.22013758599124453
-87.8062515,41.9727898,0.1601343784994401
-87.7574768,41.9736671,0.909132007233273
-87.8242722,41.9745598,0.07938718662952646
-87.6616669,41.9743118,0.6137411993202233
-87.7399979,41.9744911,0.19580668088130776
-87.6722565,41.9754066,0.5765379113018598
-87.703331,41.9762001,0.18037661050545095
-87.8104095,41.9771309,0.15654205607476634
-87.6706696,41.9773331,0.5824519230769231
-87.6848984,41.978035,0.2724022878932317
-87.6812057,41.9784737,0.27537616431812756
-87.6763077,41.9790726,0.5672248803827751
-87.6660538,41.9796181,0.6538648517258143
-87.6731262,41.9804192,0.5922798552472859
-87.7868958,41.9815712,0.13541666666666666
-87.8189621,41.9822922,0.03961748633879782
-87.7856216,41.9835358,0.1333907056798623
-87.69104,41.9841728,0.2387551665451009
-87.6702423,41.9847832,0.5801656920077972
-87.6935196,41.985714,0.24355511907684754
-87.7814636,41.9867554,0.10336341263330599
-87.6984253,41.9870682,0.10744653439835095
-87.7738495,41.9881897,0.06258790436005626
-87.6735992,41.9886208,0.5698738560474895
-87.7148209,41.989296,0.2285809906291834
-87.7787857,41.9912109,0.04765687053216839
-87.7149048,41.9913559,0.22808219178082192
-87.8178864,41.9929924,0.08519553072625698
-87.7858429,41.9933548,0.11308993766696349
-87.6930542,41.9931488,0.09950636528968564
-87.8178635,41.9953384,0.08591549295774648
-87.7682114,41.9949493,0.14860480207657364
-87.6679993,41.9961319,0.6542150429076224
-87.6865463,41.9969215,0.09984717269485481
-87.7947083,41.9988747,0.08571428571428572
-87.7017975,41.9997673,0.1293499671700591
-87.6988525,42.0004311,0.09385937002863506
-87.7746964,42.0021324,0.019711902956785442
-87.7042618,42.0036469,0.1619047619047619
-87.6814041,42.005455,0.5174637291778613
-87.6774063,42.0068398,0.5213219616204691
-87.6889343,42.0083351,0.08989805375347544
-87.7033081,42.0099297,0.13291373565346168
-87.6894073,42.0113144,0.06842456608811749
-87.6692886,42.0130653,0.5580884372425158
-87.6683502,42.0146408,0.5693430656934306
-87.7055283,42.0171242,0.1402961808261886
-87.6689758,42.0188065,0.6140510948905109
-87.7096558,41.6899376,0.1725067385444744
-87.6632156,41.7087555,0.7262479871175523
-87.6727676,41.7493439,0.04183006535947712
-87.6074219,41.7756424,0.5080071174377224
-87.63694,41.7933769,0.45195729537366547
-87.6883926,41.802639,0.11580775911986103
-87.610054,41.8230209,0.2186633815829997
-87.6730194,41.8505249,0.49559981472904124
-87.6839676,41.8913269,0.44402064168723354
-87.6756668,41.9023132,0.4720072826581702
-87.6925125,41.9123344,0.3360017789637536
-87.6835327,41.9166527,0.5167345092718227
-87.6697235,41.9263344,0.5390120036934442
-87.6497726,41.9347954,0.7013607066125567
-87.6821213,41.9406967,0.3220183486238532
-87.6741562,41.9462585,0.32491894395553494
-87.6705551,41.9514618,0.6041035206341805
-87.7207489,41.9582672,0.20327868852459016
-87.7583389,41.971302,0.9140909090909091
-87.7711945,42.0061035,0.019452449567723344
-87.6506119,41.6907005,0.06165703275529865
-87.6065826,41.7054405,1.6150442477876106
-87.6283951,41.7249031,2.144179894179894
-87.6015778,41.7382584,0.9032258064516129
-87.577652,41.7558441,1.408433734939759
-87.6102219,41.7715378,0.34468848050201706
-87.6390762,41.7794533,0.33452211126961484
-87.5913696,41.794632,0.6561499771376315
-87.5941086,41.8021545,0.5898089171974522
-87.6081238,41.8086357,0.2928082191780822
-87.601387,41.8148003,0.2863099374565671
-87.6119232,41.8206406,0.32799507237449954
-87.6080704,41.8295097,0.22865013774104684
-87.6575775,41.8385353,0.3562378167641326
-87.639595,41.8497009,0.346537120079721
-87.6227875,41.8573265,0.5412130637636081
-87.620636,41.8632927,0.5796013461040642
-87.6644211,41.8707161,0.44429347826086957
-87.7210388,41.8754845,0.2948717948717949
-87.6528625,41.881176,0.5166935298180981
-87.6169434,41.8897209,0.6522842639593909
-87.6546707,41.8981628,0.6066897347174164
-87.6283264,41.9052277,0.7298543689320388
-87.6382675,41.9113007,0.6416034155597723
-87.6492691,41.9145393,0.5441969519343494
-87.6408844,41.9181404,0.6741866540014249
-87.6376343,41.9215164,0.6206072196987807
-87.643837,41.9269562,0.678031212484994
-87.7022171,41.9337502,0.3232864478678276
-87.6957932,41.9410553,0.2663804789877994
-87.6566544,41.9518623,0.7369679579148732
-87.6509857,41.9647179,0.6932455498658864
-87.6964645,41.9819603,0.14170337738619676
-87.72435,41.9969711,0.08090976882923191
-87.6827774,42.0126534,0.56490903484428
-87.6042328,41.7962456,0.5541881699086939
-87.6293564,41.8694191,0.77775
-87.6786118,41.9378738,0.2536764705882353
-87.5426636,41.6513786,0.2727272727272727
-87.5487289,41.6558075,0.14893617021276595
-87.621048,41.6710167,0.06951871657754011
-87.6318512,41.6752396,0.06982543640897755
-87.6235275,41.677433,0.07614213197969544
-87.6219559,41.6792068,0.07518796992481203
-87.6441193,41.681263,0.11086474501108648
-87.6231918,41.6831131,0.07616707616707617
-87.6188812,41.6849174,1.7263681592039801
-87.6135483,41.6869316,1.8507462686567164
-87.6185455,41.6884384,1.7494089834515367
-87.6633682,41.6899986,0.10173160173160173
-87.6192169,41.6912041,1.5881006864988558
-87.634819,41.6931343,0.07851239669421488
-87.6604614,41.6950798,0.7866419294990723
-87.6180115,41.6970901,1.4395604395604396
-87.6144104,41.6987381,1.6540178571428572
-87.6236649,41.7000961,0.09166666666666666
-87.6188202,41.7013588,0.09433962264150944
-87.6193466,41.7026634,0.088659793814433
-87.5373535,41.7035561,3.5168067226890756
-87.6492767,41.7056847,0.6978297161936561
-87.5332184,41.7065163,3.5617021276595744
-87.5337296,41.7079582,3.7203389830508473
-87.5368423,41.7097282,3.598360655737705
-87.5637054,41.7121162,4.02555910543131
-87.6143417,41.7153053,1.6672597864768683
-87.5344162,41.7173805,3.580246913580247
-87.5349197,41.7190552,3.5510204081632653
-87.5518341,41.7212143,3.1549295774647885
-87.6266403,41.7236481,2.1923601637107777
-87.5782166,41.7254028,2.3704663212435233
-87.5814819,41.7263145,2.0447427293064875
-87.6619568,41.7277451,0.7919463087248322
-87.6595688,41.7289925,1.392156862745098
-87.5888519,41.7300529,1.7047970479704797
-87.6648331,41.7317963,0.772192513368984
-87.5433273,41.7324142,3.321167883211679
-87.6578064,41.7343636,1.4083250743310207
-87.6074219,41.7350464,0.931909212283044
-87.6543503,41.7363281,0.7716535433070866
-87.6615448,41.7374878,0.7249774571686204
-87.5578537,41.7378616,2.662251655629139
-87.5632553,41.7389107,0.1253731343283582
-87.5608292,41.7396774,0.1320754716981132
-87.5615463,41.74049,0.1540785498489426
-87.6016617,41.7413979,0.20782122905027933
-87.5826492,41.742157,2.0068965517241377
-87.6568375,41.7433205,0.7620286085825748
-87.5579453,41.7433968,2.5686900958466454
-87.5451202,41.7442474,3.9288256227758005
-87.5621414,41.7453575,0.20540540540540542
-87.6588364,41.7466316,0.3353186420488386
-87.569458,41.7466507,2.472689075630252
-87.6010666,41.7467422,0.16029292107404394
-87.6576767,41.7484741,0.30894766460326395
-87.5634079,41.7484245,0.21462264150943397
-87.6606445,41.7495041,0.3044708545557442
-87.556839,41.7493019,2.7560240963855422
-87.5537262,41.7497215,3.477707006369427
-87.5617065,41.7504768,0.21904761904761905
-87.6716003,41.7512512,0.09723889555822329
-87.6461639,41.7522202,0.439618138424821
-87.6510315,41.7529793,0.4411624583134826
-87.656601,41.7536659,0.25688073394495414
-87.6651001,41.7541809,0.22565922920892495
-87.6080933,41.7547607,0.39882854100106496
-87.5623093,41.7551575,0.32894736842105265
-87.6426163,41.7564659,0.40202553940995156
-87.6081467,41.7569962,0.38721047331319236
-87.5899124,41.757782,0.607687210072896
-87.6155777,41.758831,0.08545797922568461
-87.6099319,41.7594414,0.37099903006789525
-87.5638428,41.7596054,0.28994082840236685
-87.6607513,41.7606659,0.34456613310867734
-87.6463852,41.7611351,0.37315875613747956
-87.5621872,41.7610168,0.30443548387096775
-87.6172562,41.7618752,0.2750572082379863
-87.622757,41.7623215,0.5658012533572068
-87.6618195,41.7628555,0.2977850697292863
-87.641922,41.7630577,0.3457905544147844
-87.5966492,41.7633438,0.033696215655780196
-87.6501083,41.7641678,0.3227973133148953
-87.6508179,41.764637,0.319733228717144
-87.63134,41.7649803,0.38018628281117695
-87.6438828,41.7654266,0.3452239397542608
-87.6313782,41.7658386,0.517804775869292
-87.6557159,41.7664108,0.2516402933230413
-87.616539,41.7667122,0.07942238267148015
-87.6538315,41.7674751,0.05293221629855293
-87.6618271,41.7679977,0.3097378277153558
-87.6876144,41.7685356,0.20355638745905474
-87.6842422,41.7692337,0.19064124783362218
-87.6167068,41.7694321,0.38380281690140844
-87.725853,41.7704887,0.14454976303317535
-87.6624146,41.770565,0.29660707770886535
-87.6174164,41.7705116,0.4410480349344978
-87.574852,41.7707977,0.9414929388029589
-87.6278992,41.7718048,0.49556451612903224
-87.622345,41.7721443,0.5246243739565943
-87.6843491,41.7729874,0.1772819472616633
-87.6429596,41.7730865,0.34546805349182763
-87.6467056,41.7735748,0.35259905488913124
-87.7880173,41.7743835,0.12028301886792453
-87.7710266,41.7749748,0.08943089430894309
-87.7235413,41.7751312,0.14081632653061224
-87.7624512,41.7755775,0.06642728904847396
-87.7630005,41.7759552,0.06690777576853527
-87.6474457,41.7752113,0.34767025089605735
-87.6851349,41.7762985,0.1766770670826833
-87.6961212,41.7768135,0.1410845588235294
-87.6613693,41.7769203,0.2655485674353599
-87.6474991,41.7773285,0.33286219081272084
-87.6359558,41.7776413,0.3264171915524268
-87.6699295,41.7782288,0.20179063360881544
-87.6383514,41.7784233,0.32030401737242126
-87.5920486,41.7785072,0.6642651296829971
-87.7353668,41.7800751,0.2623138602520046
-87.7016068,41.7803535,0.14581328200192492
-87.7367477,41.7809372,0.2638248847926267
-87.7207336,41.7811546,0.097953216374269
-87.6882401,41.781517,0.1710187568959176
-87.6699905,41.7819138,0.128653006382264
-87.6591034,41.7823448,0.10969473331096947
-87.7053223,41.7828712,0.17876543209876544
-87.7053375,41.7834511,0.1772771792360431
-87.6563416,41.7834854,0.048160535117056855
-87.6136169,41.7831345,0.49010717230008244
-87.6567078,41.7844658,0.06073680716893462
-87.6347351,41.7847443,0.31125131440588855
-87.6555176,41.7855377,0.021753460777851022
-87.6337433,41.7856598,0.4432413552217953
-87.6714783,41.7864037,0.07377315567110822
-87.6629715,41.7870483,0.12536255236867547
-87.6915588,41.7880783,0.15074525745257453
-87.6526566,41.7885818,0.21541438245727185
-87.6660309,41.7892876,0.12346456692913386
-87.6531982,41.7897415,0.18807778131973224
-87.7055664,41.7904625,0.15656565656565657
-87.6745682,41.7908478,0.0390625
-87.6178741,41.7909737,0.4448979591836735
-87.6697388,41.7916489,0.1420578178427106
-87.6624527,41.7919769,0.12757454657239473
-87.6654282,41.7924995,0.12722256284488045
-87.6673355,41.7928505,0.12837009803921567
-87.780983,41.7938004,0.953757225433526
-87.6163254,41.7933311,0.3424807903402854
-87.6995544,41.7942352,0.12455389007851535
-87.6492615,41.7945175,0.2697044334975369
-87.7542343,41.7955093,0.5833333333333334
-87.6533508,41.7955399,0.16297183942480528
-87.6779404,41.7959747,0.12567324955116696
-87.592247,41.7959862,0.6321266968325792
-87.6339417,41.7966309,0.29773669110615236
-87.7559814,41.7976532,0.5847665847665847
-87.7290344,41.7977905,0.4401791426743442
-87.6967163,41.7980347,0.0736409608091024
-87.6687012,41.7983093,0.1694083694083694
-87.6638412,41.7985992,0.16123449668301124
-87.6497879,41.7989731,0.2932198415027884
-87.7285995,41.7998352,0.4258578431372549
-87.6541595,41.7998428,0.0404975412207116
-87.693634,41.8004036,0.02633969118982743
-87.5912247,41.8002319,0.6153504880212954
-87.6517639,41.8012466,0.28768699654775604
-87.656868,41.8016815,0.1173310715295448
-87.6936951,41.8025017,0.02642517814726841
-87.6810303,41.8027267,0.12187587756248244
-87.6787109,41.8032761,0.11636971046770601
-87.6463776,41.8036499,0.29531160663236133
-87.6725082,41.804348,0.13393590797041907
-87.6621017,41.805191,0.17104542966611933
-87.6567383,41.8055229,0.0437414030261348
-87.6152649,41.8060303,0.0740862693447481
-87.6329575,41.8066826,0.40696987595983464
-87.6884232,41.8073273,0.1095852787695688
-87.6811142,41.8078003,0.11702986279257466
-87.6994781,41.8084297,0.2914850334205173
-87.6172028,41.8085289,0.06613672496025437
-87.6172104,41.8088951,0.0660107902253253
-87.6420135,41.8095818,0.28115373844861385
-87.7115555,41.8106651,0.21029461564510668
-87.6889648,41.8107834,0.10604453870625663
-87.668335,41.8113632,0.15061202767429482
-87.6390457,41.81147,0.3350253807106599
-87.6391449,41.8119888,0.3369014084507042
-87.696434,41.8125496,0.26446727961060035
-87.7258987,41.8136368,0.08889956751561749
-87.6435852,41.813694,0.2540734603700635
-87.7013931,41.8145256,0.28740374037403743
-87.6923141,41.8151016,0.12369519832985386
-87.6202316,41.8150291,0.37507543753771877
-87.6193314,41.8155785,0.3740550347747203
-87.6911469,41.8169174,0.12606561611986566
-87.6193771,41.8173981,0.37169471153846156
-87.6856232,41.818325,0.12783295136236314
-87.6055756,41.8188934,0.28983160621761656
-87.6016388,41.8197746,0.07469717362045761
-87.6060181,41.8207169,0.28448275862068967
-87.6921005,41.8221931,0.13542713567839196
-87.707962,41.823185,0.25720906282183315
-87.7114487,41.8240433,0.06878445786295616
-87.665802,41.8247604,0.1498108448928121
-87.6431808,41.8251953,0.2157852777039596
-87.6736069,41.8263931,0.376456009913259
-87.6408844,41.8269424,0.19989353207346286
-87.6902161,41.8280449,0.13380453326834024
-87.6694717,41.8284416,0.2816134620143529
-87.6475067,41.8289452,0.2503232479958624
-87.6790085,41.8298721,0.37079473427596293
-87.6730652,41.8310699,0.4
-87.6551285,41.8318062,0.04973624717407687
-87.6550064,41.8324699,0.2053593789130979
-87.6445923,41.83321,0.25167439464193714
-87.6421738,41.8337517,0.23324675324675326
-87.6446228,41.8345795,0.2492946909463965
-87.6397705,41.8352928,0.15519040166927492
-87.6380539,41.8360672,0.07738562091503268
-87.7276611,41.8373299,0.4551175886054985
-87.6524353,41.8373146,0.3264800594500867
-87.6491623,41.83778,0.3790523690773067
-87.6607132,41.8383904,0.3665377176015474
-87.6592636,41.8389282,0.35828488372093026
-87.6615448,41.8393631,0.36374578719306694
-87.6423264,41.8396568,0.3350189633375474
-87.7101517,41.8405304,0.2815602836879433
-87.6393814,41.8405609,0.329608938547486
-87.6344681,41.8408928,0.07007526602647288
-87.6500397,41.8414536,0.3399014778325123
-87.703392,41.8422318,0.217381174277726
-87.6455002,41.8424377,0.3560079443892751
-87.7138977,41.8434753,0.2722993645563662
-87.7102432,41.8439445,0.3099743050689091
-87.7102737,41.8448906,0.296995108315863
-87.6407166,41.8451424,0.35467733866933465
-87.6389618,41.8456955,0.3370165745856354
-87.7176514,41.8469238,0.29145016532829476
-87.6908646,41.8473015,0.13241695303550974
-87.7018127,41.8479118,0.22868927589367552
-87.7000122,41.8488045,0.2296925195043598
-87.6788635,41.849144,0.44528910389311216
-87.7219162,41.8500252,0.31543462557187574
-87.7067795,41.850441,0.25079509313948206
-87.6947327,41.8507347,0.33394327538883806
-87.7146378,41.8513374,0.28888888888888886
-87.7254562,41.852314,0.3486146095717884
-87.6354599,41.8516808,0.2589891878300226
-87.6810303,41.8532715,0.4409090909090909
-87.712059,41.8541336,0.1636978579481398
-87.6746292,41.8542976,0.3955565735226752
-87.6732025,41.8547363,0.35300872760679836
-87.7232361,41.8553734,0.30414201183431955
-87.6717758,41.8556328,0.3281428898557362
-87.7142639,41.8564186,0.1527060408713227
-87.7220306,41.8567772,0.1755689735253135
-87.6705627,41.8570824,0.4504916533272353
-87.7099457,41.8577766,0.19131403118040088
-87.645874,41.8577919,0.4256298449612403
-87.6649399,41.8584633,0.4642446539434353
-87.6610107,41.8591118,0.4472583643122677
-87.7368698,41.8600998,0.15975317106616388
-87.6228485,41.859642,0.5672258064516129
-87.691925,41.8613701,0.39685393258426965
-87.7315445,41.8628922,0.3345353675450763
-87.6936798,41.8635941,0.3921875
-87.7096252,41.8647881,0.2401330376940133
-87.7100372,41.865757,0.3146589902568645
-87.6999359,41.8671341,0.372806043101533
-87.7721176,41.8680687,0.7035003431708992
-87.686882,41.869072,0.338163174320107
-87.6986084,41.8698616,0.36719787516600266
-87.6869659,41.8705025,0.34382674704175037
-87.6620255,41.8704948,0.44803274960200135
-87.6536484,41.8716049,0.4688077634011091
-87.7124176,41.8724403,0.3533157663592446
-87.7044907,41.8730164,0.32028002625246116
-87.7642517,41.874218,0.8038147138964578
-87.6970291,41.8745728,0.27989429641048225
-87.7538757,41.8755074,0.4856361149110807
-87.7634583,41.8762894,0.7804232804232805
-87.7002106,41.8767204,0.3089395267309378
-87.6492081,41.8768654,0.645707656612529
-87.7409515,41.8777428,0.35671342685370744
-87.7008591,41.8780365,0.30685051433574084
-87.6837006,41.8782997,0.4427805096110863
-87.7311401,41.8790588,0.31383917317872445
-87.7242203,41.8795204,0.3063083074189249
-87.6848984,41.8801384,0.4557046979865772
-87.7686157,41.8812866,0.8526734926052332
-87.679512,41.8819275,0.4471562919838782
-87.7077637,41.8824768,0.3344198174706649
-87.7620926,41.8833618,0.7219463753723933
-87.7548523,41.8840332,0.5204081632653061
-87.7463074,41.884716,0.5661899523285662
-87.7671585,41.8855247,0.9148590021691974
-87.7598953,41.8861542,0.5711565920990005
-87.7120132,41.8866844,0.35765472312703583
-87.752037,41.8883362,0.4715481171548117
-87.7610779,41.8892784,0.5678127984718243
-87.7617416,41.8903084,0.5716346153846154
-87.7567444,41.8908653,0.5561041292639138
-87.703537,41.8911934,0.34493324578682427
-87.6858063,41.8914299,0.4379202151501569
-87.7687607,41.8922195,0.7155361050328227
-87.7226791,41.8924828,0.1403470715835141
-87.7061157,41.8926773,0.42597856986660837
-87.6790314,41.8928795,0.4262184115523466
-87.7141647,41.8934364,0.36093648384998916
-87.6150665,41.8930664,0.6114795918367347
-87.7490463,41.8942833,0.47039352703199705
-87.7215347,41.8946037,0.342578548212351
-87.6735916,41.8947868,0.44504995458673935
-87.6921539,41.8954086,0.40638156436959894
-87.7663116,41.8963509,0.6523736600306279
-87.7203598,41.8966064,0.34112048453385246
-87.7270126,41.8970222,0.3593819973130318
-87.7502289,41.8974457,0.48073325851103627
-87.7625732,41.8978729,0.547925608011445
-87.7160492,41.8981476,0.33838821490467935
-87.687767,41.8981972,0.3768180801074066
-87.7228775,41.8988495,0.34615384615384615
-87.6317139,41.8983841,0.7145948545323395
-87.6647263,41.899086,0.5729023383768913
-87.7707901,41.9001083,0.7956810631229236
-87.6977081,41.9000893,0.3102230072863767
-87.7271194,41.9006233,0.3854143147437345
-87.7323151,41.9010086,0.44964028776978415
-87.7627182,41.9015236,0.6
-87.669548,41.9014511,0.6402662993572085
-87.6303406,41.9016266,0.7559739319333816
-87.6768723,41.9020081,0.418768461713247
-87.7319489,41.9032288,0.448990028125799
-87.7471313,41.9038963,0.46498980285520053
-87.6280365,41.9037437,0.7295261239368165
-87.6930923,41.9045334,0.2740150509074812
-87.7245941,41.9051399,0.38490399470315606
-87.6376343,41.9044571,0.6681710213776723
-87.6837997,41.9059792,0.5435516542876435
-87.6831055,41.9064369,0.5533017804823078
-87.6645813,41.9068069,0.6359425660027791
-87.6641235,41.9072609,0.6216404077849861
-87.6887436,41.9079437,0.5034714445688689
-87.6362534,41.9079819,0.667697431018078
-87.6684723,41.9085655,0.5458103130755064
-87.7244186,41.909317,0.4073992024811697
-87.6887894,41.9095726,0.5154639175257731
-87.7308807,41.9104538,0.4646746011648519
-87.7000198,41.9105148,0.2384835794577915
-87.786232,41.9112778,1.064102564102564
-87.7161407,41.911377,0.4128878281622912
-87.6973343,41.9116821,0.2847975215755698
-87.7200928,41.9120407,0.41683017222585567
-87.7031174,41.9123306,0.3951701427003293
-87.7634506,41.9121399,0.8893093661305582
-87.7474136,41.9130058,0.36049218490189555
-87.6881638,41.9131203,0.5047127468581688
-87.6717758,41.9134941,0.5737179487179487
-87.7735214,41.9145241,0.8640226628895185
-87.673378,41.9144592,0.5608139003200732
-87.6369705,41.9146194,0.6422454804947669
-87.6778717,41.9152184,0.474294813466788
-87.7286148,41.9158173,0.4375
-87.6366425,41.9157066,0.6303881876637295
-87.7098236,41.9164085,0.19143356643356643
-87.7139664,41.9166679,0.17853254953189637
-87.6989594,41.9169388,0.29880478087649404
-87.7427902,41.9176178,0.23677660236465464
-87.7208099,41.9176598,0.1837588028169014
-87.6577454,41.9178162,0.4787209028920762
-87.6427917,41.9179077,0.6894998814885044
-87.6852951,41.9185219,0.5156849469645678
-87.654953,41.9186363,0.5612918434700613
-87.7771378,41.9195862,1.2563636363636363
-87.6997452,41.9192734,0.29747675962815406
-87.7331085,41.9197578,0.21285909712722298
-87.7801132,41.9202919,1.2212793733681462
-87.656723,41.9199982,0.5326112550035319
-87.6501389,41.9201698,0.5350212967345007
-87.6798859,41.9205551,0.5229858898497952
-87.657959,41.9207344,0.47673872180451127
-87.7177658,41.921402,0.1737891737891738
-87.7167358,41.9215965,0.17359894921190894
-87.7801819,41.9222527,1.2228047182175623
-87.6660156,41.9218826,0.562006502554575
-87.7772522,41.9228325,1.1386861313868613
-87.7675247,41.9230537,0.8718079673135853
-87.7711868,41.9233856,1.012486427795874
-87.6811523,41.9231682,0.5203826007743111
-87.697052,41.9235306,0.3354810042212842
-87.7155228,41.9239464,0.5044946283709713
-87.6448898,41.9239616,0.6696875745289769
-87.7748947,41.9252167,0.918165989553105
-87.7002106,41.9253845,0.32880676758682104
-87.7320633,41.9259071,0.16331589093913523
-87.660881,41.925869,0.5661263800798685
-87.7578125,41.92659,0.7943686006825939
-87.7338409,41.9268532,0.16570771001150747
-87.6472321,41.9267044,0.6752626552053486
-87.6893082,41.9272537,0.3769161406672678
-87.694191,41.9273338,0.3779668607254814
-87.7215042,41.9279404,0.5095151789759855
-87.7847443,41.9287224,1.5305970149253731
-87.7755432,41.9290009,1.0824014125956445
-87.6564255,41.928688,0.5097946660372905
-87.7204361,41.9294968,0.47868260771486576
-87.7408371,41.9298439,0.2542533081285444
-87.7567291,41.9303207,0.34097421203438394
-87.7631989,41.9306679,0.49504483246814535
-87.7143707,41.9308434,0.5034239010382151
-87.6461716,41.9308891,0.7098011023244668
-87.7201996,41.9316139,0.48931332423829016
-87.7227478,41.932106,0.5186584789796882
-87.7359543,41.9326744,0.26918465227817745
-87.7841949,41.9332848,1.4515418502202644
-87.6895065,41.9329796,0.30490839176656864
-87.7113419,41.9334221,0.5050795053003534
-87.6931305,41.9338036,0.2889039242219215
-87.7047653,41.9341202,0.3611357586512866
-87.7215424,41.934166,0.5147679324894515
-87.6680908,41.9345398,0.34718996748722714
-87.7291107,41.935154,0.4191075828086504
-87.7110901,41.9355087,0.5454746625359593
-87.6408844,41.9349403,0.675498298492951
-87.6993713,41.935997,0.2674288276171262
-87.7091141,41.9365005,0.547328751939703
-87.7257843,41.9363441,0.3884744018523283
-87.7619095,41.9373741,0.4114631873252563
-87.6573029,41.9370613,0.5663905325443787
-87.7103577,41.9376488,0.5480790584055074
-87.7807236,41.9381256,0.7327707454289732
-87.6839905,41.9379425,0.313555454130534
-87.6858826,41.9382782,0.3112778535698045
-87.7084808,41.9388695,0.5465452121750722
-87.785408,41.9395103,0.7619414483821263
-87.6580811,41.9393463,0.4003318321877222
-87.7170792,41.9399986,0.5597987651497828
-87.6811447,41.9403229,0.29561624971310535
-87.6648102,41.9403992,0.31377610889462565
-87.7319031,41.9411163,0.45859305431878894
-87.6790695,41.941124,0.2586801563577834
-87.6617813,41.9411507,0.5821707259399386
-87.6713562,41.9417419,0.3286940385061471
-87.7522125,41.9426003,0.36058230683090703
-87.660408,41.9422913,0.5046197583511016
-87.6743317,41.9429359,0.3285582255083179
-87.7738113,41.9437103,0.5338882282996433
-87.6805496,41.9437256,0.2954284401562141
-87.6745071,41.9439125,0.3285549132947977
-87.666008,41.9440689,0.6003747950339658
-87.8286133,41.9452858,1.0630252100840336
-87.6577301,41.9446754,0.5506901475487863
-87.6596756,41.9450455,0.561091340450771
-87.7203445,41.9458199,0.40698538518702004
-87.8344116,41.9469223,1.0787037037037037
-87.7326965,41.9466743,0.4702108157653529
-87.6510315,41.9468765,0.7647623619779165
-87.6862106,41.9474602,0.2589632336149806
-87.7452469,41.9482269,0.6942347288949897
-87.6733246,41.9483223,0.3225058004640371
-87.7070084,41.9488907,0.24603174603174602
-87.6721878,41.9489975,0.30309374273086764
-87.6717148,41.9494476,0.32844506517690875
-87.7342072,41.9501228,0.36137366099558915
-87.6875,41.9498405,0.29744525547445255
-87.7535095,41.9508553,0.7925278219395866
-87.6843719,41.9509697,0.23244607618173474
-87.7075958,41.9514275,0.23168226432321387
-87.7046432,41.9517326,0.17034843999089047
-87.7496643,41.9521828,0.8212956068503351
-87.6752014,41.9521179,0.2689095127610209
-87.6998215,41.9528656,0.18543046357615894
-87.7120132,41.9533119,0.20688852687921805
-87.6723022,41.9535141,0.314365671641791
-87.6660385,41.9540329,0.6350554376032083
-87.7686386,41.9551277,0.4200743494423792
-87.7162781,41.9553032,0.2600841375897055
-87.701088,41.9556465,0.17268337548861806
-87.7516632,41.956192,0.8346303501945526
-87.681488,41.9562073,0.24175568973525313
-87.6827774,41.9565735,0.22768374681196382
-87.7207184,41.9572372,0.19339111592632718
-87.7170563,41.9576302,0.19521506744718758
-87.6672211,41.9578323,0.6518553533443631
-87.7065887,41.9584961,0.20643806857942618
-87.7139511,41.9591408,0.22208648912777915
-87.7237625,41.9596138,0.24286974419288446
-87.6898727,41.9597435,0.22672811059907835
-87.6853561,41.9602509,0.2422561257512714
-87.6929626,41.9606361,0.2447520184544406
-87.6815643,41.9611549,0.28118442527395665
-87.6526642,41.9611473,0.7058537770221035
-87.6704025,41.9622879,0.6468506723283793
-87.7779846,41.9633179,0.129304286718201
-87.7037735,41.963398,0.2040671553558761
-87.7811661,41.9642639,0.43429844097995546
-87.7555923,41.9645309,0.9923664122137404
-87.7287903,41.9647331,0.2814294830887045
-87.7764511,41.9655762,0.11458333333333333
-87.6698227,41.9655304,0.6389874615566595
-87.6846695,41.9661369,0.2749708963911525
-87.7718964,41.9670715,0.3674219228413962
-87.68367,41.9671288,0.27410693439178146
-87.6579895,41.9674683,0.6145075206210577
-87.7792664,41.9687729,0.12344777209642074
-87.7215958,41.9692955,0.22928767960868235
-87.7137527,41.9696198,0.215203426124197
-87.7791443,41.9706154,0.11592076302274394
-87.6685181,41.9700508,0.5557669441141498
-87.6813354,41.9710197,0.27362715060098985
-87.719902,41.9710655,0.2259921235989094
-87.6919022,41.9721107,0.28028335301062574
-87.7803497,41.9731331,0.1308980213089802
-87.6545105,41.9728661,0.6240804315841099
-87.6882401,41.9740524,0.26191599811231714
-87.6937714,41.9745941,0.27372699019842217
-87.6529541,41.9748001,0.6123554024120108
-87.6900177,41.9761429,0.2642993326978074
-87.6608124,41.97686,0.6136363636363636
-87.7108078,41.9777527,0.19099249374478733
-87.6993561,41.9783173,0.13679590343818582
-87.7752075,41.9792862,0.08854532677442024
-87.6740646,41.9796219,0.5818924111431316
-87.6736755,41.9804115,0.5825898239691343
-87.7759781,41.98209,0.08501440922190202
-87.7794571,41.9831696,0.08068269976726145
-87.712204,41.9837112,0.21540832049306627
-87.6721344,41.9844971,0.5617238860482103
-87.7099762,41.9856644,0.21448128993002738
-87.6610794,41.9861794,0.5649703557312253
-87.6557007,41.9866791,0.5381935804926599
-87.6611481,41.988327,0.5335479078979946
-87.6905136,41.9898453,0.12074534161490683
-87.6949158,41.9914856,0.10262405819693426
-87.7868042,41.9928093,0.11390134529147983
-87.7088623,41.9934235,0.15544554455445544
-87.8079529,41.9951324,0.06287787182587666
-87.7084274,41.9958801,0.16038056405028883
-87.7969742,41.9972801,0.05573770491803279
-87.7937164,41.9984932,0.08428720083246619
-87.8118744,41.9997292,0.05228758169934641
-87.6625214,42.0001564,0.5471070148489503
-87.6735916,42.0019341,0.5708088798162797
-87.6970215,42.0041351,0.0969119579500657
-87.6799927,42.0058327,0.516215491825248
-87.6884766,42.0083542,0.0892638036809816
-87.7876205,42.0111923,0.019427402862985686
-87.670929,42.0123482,0.556986301369863
-87.6812744,42.0143433,0.5938287153652393
-87.6892395,42.0166245,0.07501794687724336
-87.6684036,42.0214005,0.6186658114175754
-87.641922,41.7072029,0.061224489795918366
-87.5642242,41.7552109,0.3114406779661017
-87.6103134,41.7750549,0.4357615894039735
-87.6495132,41.7884254,0.29883192731992214
-87.6875687,41.8017502,0.11592097617664149
-87.6175003,41.8191948,0.2986425339366516
-87.6519928,41.8373184,0.3265609514370664
-87.6809387,41.8532715,0.4410093203000682
-87.6463928,41.8595314,0.4572257129047849
-87.6270752,41.8711739,0.8484696437531359
-87.7703629,41.8813171,0.830367734282325
-87.645256,41.8875923,0.6529137529137529
-87.6851044,41.893692,0.3854610724702715
-87.7056808,41.8985481,0.4123688811188811
-87.6272812,41.9037552,0.7311723129417499
-87.6401825,41.9108086,0.6614546316038853
-87.7746964,41.9193916,0.8469093009820913
-87.6678543,41.9276276,0.5273148148148148
-87.6494446,41.9349976,0.7016957248626702
-87.6823959,41.9416046,0.2963982564808442
-87.7527466,41.9485321,0.8791972211501351
-87.6989822,41.9615059,0.1699953553181607
-87.6998291,41.977375,0.1365295692382575
-87.6665726,42.0040512,0.5842842323651453
-87.6361847,41.8504601,0.2584044154540893
-87.6767044,41.8773384,0.39932885906040266
-87.6788254,41.9141045,0.5279291553133515
-87.7432861,41.9513588,0.6800681431005111
-87.627243,41.8304367,0.41151919866444076
-87.627243,41.8304367,0.41151919866444076
0.0
4.02555910543131
0.49804424802403124
